{
    "accuracy": 0.9997013808776888,
    "precision": 0.9824293353705118,
    "recall": 0.7827145465611686,
    "f1_score": 0.8712737127371274,
    "auc_roc": 0.9962131102403181,
    "confusion_matrix": [
        [
            1270858,
            23
        ],
        [
            357,
            1286
        ]
    ]
}